{
  "0.0": {
    "EM": 0.3933333333333333,
    "F1": 0.5041785686778685,
    "n": 300,
    "cert_frac": 0.22836386607706885,
    "mF_mean": 0.40841876969484775,
    "viol": 0,
    "mF_by_layer": {
      "9": 0.2113082218341717,
      "10": 0.2084109955267114,
      "11": 0.5187249955343497,
      "12": 0.6952308658841584
    }
  },
  "0.5": {
    "EM": 0.38,
    "F1": 0.5079139987333744,
    "n": 300,
    "cert_frac": 0.5204932898077621,
    "mF_mean": 0.1326097919640131,
    "viol": 0,
    "mF_by_layer": {
      "9": 0.16705049791964485,
      "10": 0.1322439677893433,
      "11": 0.15402917540822778,
      "12": 0.0771155267388364
    }
  },
  "2.0": {
    "EM": 0.39666666666666667,
    "F1": 0.5044754346443102,
    "n": 300,
    "cert_frac": 0.7365641281849975,
    "mF_mean": 0.07181782871169536,
    "viol": 0,
    "mF_by_layer": {
      "9": 0.09546552953824529,
      "10": 0.07262425120108319,
      "11": 0.07513668633065018,
      "12": 0.044044847776802766
    }
  },
  "8.0": {
    "EM": 0.4033333333333333,
    "F1": 0.5023672712685249,
    "n": 300,
    "cert_frac": 0.8617404192250688,
    "mF_mean": 0.03861927888211692,
    "viol": 0,
    "mF_by_layer": {
      "9": 0.049781423658756124,
      "10": 0.033488954358891446,
      "11": 0.039023603907290545,
      "12": 0.03218313360352955
    }
  }
}