{
  "name": "resnet50",
  "eps": 0.05,
  "d": 51.21739196777344,
  "sigma_star": 10.293467466446195,
  "A": 11886.431640625,
  "F_mean": 17907.736666666668,
  "F_max": 20000,
  "K_sigmastar_d2": 4.206476889928156e-06,
  "L": 0.040667040715585974,
  "Tail_center_p99_mass": 0.00936917494982481,
  "certified_delta": 0.9991094590416828,
  "interquery_median_dist": 62.36498260498047,
  "delta_over_interquery": 0.01602035978058453
}