{
  "name": "resnet18",
  "eps": 0.05,
  "d": 26.018503189086914,
  "sigma_star": 5.2233717033541955,
  "A": 12213.482421875,
  "F_mean": 18343.503,
  "F_max": 20000,
  "K_sigmastar_d2": 4.093836489292142e-06,
  "L": 0.07808020282796703,
  "Tail_center_p99_mass": 0.009996194392442703,
  "certified_delta": 0.5123424909089581,
  "interquery_median_dist": 31.776611328125,
  "delta_over_interquery": 0.01612325762550683
}