{
  "name": "vit",
  "eps": 0.05,
  "d": 36.09389114379883,
  "sigma_star": 7.157662447065018,
  "A": 16624.650390625,
  "F_mean": 17948.331666666665,
  "F_max": 19974,
  "K_sigmastar_d2": 3.0075820438423145e-06,
  "L": 0.042322742913686796,
  "Tail_center_p99_mass": 0.013515559025108814,
  "certified_delta": 0.8620528458965367,
  "interquery_median_dist": 39.444149017333984,
  "delta_over_interquery": 0.021855024569491968
}