{
 "anisotropic": [
  {
   "ratio": 1.0,
   "eucl": {
    "sig_pair": 0.2525924989145347,
    "A": 26.438069710160516,
    "sstar": 0.17459008300268714,
    "tail_over_eps": 0.2359318176548467,
    "viol_rate": 0.0,
    "mean_tail": 0.011634932289704811,
    "acc": 1.0
   },
   "mahal": {
    "sig_pair": 0.2525924989145347,
    "A": 26.438069710160512,
    "sstar": 0.17459008300268714,
    "tail_over_eps": 0.2359318176548467,
    "viol_rate": 0.0,
    "mean_tail": 0.011634932289704811,
    "acc": 1.0
   }
  },
  {
   "ratio": 2.0,
   "eucl": {
    "sig_pair": 0.3967090974458531,
    "A": 25.294472821649606,
    "sstar": 0.2751743845642029,
    "tail_over_eps": 0.22869699270202054,
    "viol_rate": 0.0,
    "mean_tail": 0.012470753335593198,
    "acc": 0.975
   },
   "mahal": {
    "sig_pair": 0.2782711232166742,
    "A": 25.772048517819705,
    "sstar": 0.19273146668734634,
    "tail_over_eps": 0.23239878354600235,
    "viol_rate": 0.0,
    "mean_tail": 0.011658193868583631,
    "acc": 0.98
   }
  },
  {
   "ratio": 4.0,
   "eucl": {
    "sig_pair": 0.5436873873053257,
    "A": 22.47877872794726,
    "sstar": 0.3807504600957503,
    "tail_over_eps": 0.2452395044788056,
    "viol_rate": 0.0,
    "mean_tail": 0.012400071972273228,
    "acc": 0.975
   },
   "mahal": {
    "sig_pair": 0.26444587342524717,
    "A": 24.978914759638187,
    "sstar": 0.18361616163922864,
    "tail_over_eps": 0.2309771093982827,
    "viol_rate": 0.0,
    "mean_tail": 0.011896570221013404,
    "acc": 0.995
   }
  },
  {
   "ratio": 8.0,
   "eucl": {
    "sig_pair": 0.8192212072257,
    "A": 19.34163460963468,
    "sstar": 0.5809017935980777,
    "tail_over_eps": 0.2579218000116557,
    "viol_rate": 0.0,
    "mean_tail": 0.012844822418974094,
    "acc": 0.94
   },
   "mahal": {
    "sig_pair": 0.2692029065506646,
    "A": 24.42534969234874,
    "sstar": 0.1872571602477894,
    "tail_over_eps": 0.2574310315090941,
    "viol_rate": 0.0,
    "mean_tail": 0.012969940797302928,
    "acc": 1.0
   }
  }
 ],
 "two_moons": {
  "eucl": {
   "sig_pair": 0.14430543939550558,
   "A": 13.296228192343357,
   "sstar": 0.10570416868439093,
   "tail_over_eps": 0.27514340270829396,
   "viol_rate": 0.0,
   "mean_tail": 0.013997446047214611,
   "acc": 1.0
  },
  "geodesic": {
   "sig_pair": 0.1547048014523715,
   "A": 12.527238296272039,
   "sstar": 0.11393120816473896,
   "tail_over_eps": 0.30376432270979026,
   "viol_rate": 0.0,
   "mean_tail": 0.015060332201600198,
   "acc": 1.0
  },
  "eucl_geo_decision_agreement": 1.0
 },
 "densification": [
  {
   "n": 200,
   "eucl_sstar": 0.3975038824289658,
   "eucl_tail_over_eps": 0.2605547811990208,
   "eucl_viol": 0.0,
   "mahal_sstar": 0.19023035727523752,
   "mahal_tail_over_eps": 0.2574992369702634,
   "mahal_viol": 0.0
  },
  {
   "n": 800,
   "eucl_sstar": 0.36882909835624944,
   "eucl_tail_over_eps": 0.21926776198672673,
   "eucl_viol": 0.0,
   "mahal_sstar": 0.1783396344035791,
   "mahal_tail_over_eps": 0.22590137546589759,
   "mahal_viol": 0.0
  },
  {
   "n": 3200,
   "eucl_sstar": 0.32255086529880145,
   "eucl_tail_over_eps": 0.19510647363203612,
   "eucl_viol": 0.0,
   "mahal_sstar": 0.15597495444543702,
   "mahal_tail_over_eps": 0.1836511828815368,
   "mahal_viol": 0.0
  }
 ]
}