{
  "model": "gpt2-large",
  "n_edit": 250,
  "sweep": {
    "last_L6": {
      "auroc": 0.36748,
      "d_para": 28.43678092956543,
      "d_neigh": 23.585554122924805
    },
    "last_L12": {
      "auroc": 0.407104,
      "d_para": 44.543548583984375,
      "d_neigh": 38.376731872558594
    },
    "last_L18": {
      "auroc": 0.41209599999999996,
      "d_para": 64.29304504394531,
      "d_neigh": 56.38916015625
    },
    "last_L24": {
      "auroc": 0.41352,
      "d_para": 89.26628112792969,
      "d_neigh": 79.0462417602539
    },
    "last_L30": {
      "auroc": 0.43329599999999996,
      "d_para": 136.886962890625,
      "d_neigh": 125.94170379638672
    },
    "last_L35": {
      "auroc": 0.455384,
      "d_para": 192.35409545898438,
      "d_neigh": 182.76168823242188
    },
    "mean_L6": {
      "auroc": 0.597072,
      "d_para": 21.09421157836914,
      "d_neigh": 22.67097282409668
    },
    "mean_L12": {
      "auroc": 0.20576800000000003,
      "d_para": 167.3126220703125,
      "d_neigh": 90.40386199951172
    },
    "mean_L18": {
      "auroc": 0.20718399999999998,
      "d_para": 204.41763305664062,
      "d_neigh": 111.98550415039062
    },
    "mean_L24": {
      "auroc": 0.21016,
      "d_para": 209.4664306640625,
      "d_neigh": 119.30489349365234
    },
    "mean_L30": {
      "auroc": 0.21055999999999997,
      "d_para": 207.30606079101562,
      "d_neigh": 124.71778106689453
    },
    "mean_L35": {
      "auroc": 0.4180959999999999,
      "d_para": 99.00730895996094,
      "d_neigh": 93.21499633789062
    }
  },
  "best": [
    "mean_L6",
    0.597072
  ]
}