{
  "model": "gpt2-large",
  "layer": 20,
  "n_edit": 300,
  "dim": 1280,
  "d_sep_10pct": 75.71549987792969,
  "A": 170.7526620584363,
  "sigma_star": 18.77006187830902,
  "d_para": {
    "mean": 72.19500732421875,
    "median": 71.19422912597656
  },
  "d_neigh": {
    "mean": 64.21791076660156,
    "median": 60.76085662841797
  },
  "auroc_key_distance": 0.41808194444444446,
  "radius_candidates": {
    "1.0sigma*": {
      "radius": 18.77006187830902,
      "para_TPR": 0.0,
      "neigh_FPR": 0.03666666666666667
    },
    "2.0sigma*": {
      "radius": 37.54012375661804,
      "para_TPR": 0.065,
      "neigh_FPR": 0.20333333333333334
    },
    "3.0sigma*": {
      "radius": 56.31018563492705,
      "para_TPR": 0.31333333333333335,
      "neigh_FPR": 0.43666666666666665
    }
  }
}