{
  "n_kept": 300,
  "n_excluded": 1103,
  "retained_frac": 0.21382751247327156,
  "kept_len_mean": 505.57666666666665,
  "n_rows": 27792,
  "posgap_frac": 0.8861542890040299,
  "m_F_mean": 0.3118647248499567,
  "m_F_median": 0.2542799115180969,
  "m_F_p90": 0.6703528285026551,
  "m_F_p99": 0.8959583669900895,
  "cert2_frac": 0.03184369602763385,
  "certinf_frac": 0.061240644789867585,
  "viol2": 0,
  "violinf": 0,
  "n_posgap": 24628,
  "tightness2_median": 4.130064715289345,
  "example_cov_stringent": 0.0,
  "m_F_by_layer": {
    "9": 0.2543143155215951,
    "10": 0.18542075831461233,
    "11": 0.3463414899251247,
    "12": 0.46138233563849473
  },
  "cert2_by_layer": {
    "9": 0.07714450201496834,
    "10": 0.017415083477259643,
    "11": 0.013385146804835924,
    "12": 0.019430051813471502
  },
  "delO_bound_viol": 0,
  "relpert_mean": 0.40770483016967773,
  "relpert_median": 0.3373886048793793,
  "relpert_cert_mean": 0.017127037048339844,
  "relpert_uncert_mean": 0.4205513894557953,
  "del_tightness_median": 5.6067014666323765,
  "e2e_n": 300,
  "e2e_EM_before": 0.17,
  "e2e_EM_after": 0.20333333333333334,
  "e2e_F1_before": 0.19311780393175743,
  "e2e_F1_after": 0.2180962740962741,
  "e2e_agreement": 0.88
}