{
  "reader": "canonical lambda=0 seed=0",
  "n_test": 1150,
  "task_cov": [
    0.028478260869565217,
    0.02608695652173913,
    0.03110552536231884
  ],
  "random_cov": [
    0.005181159420289854,
    0.004492753623188405,
    0.0059243659420289835
  ],
  "topdecile_cov": [
    0.20990942028985507,
    0.20471014492753625,
    0.21514538043478262
  ],
  "task_minus_random_gap": [
    0.02329710144927536,
    0.021159420289855076,
    0.02556204710144927
  ]
}