{
  "eps": 0.05,
  "d_in": 512,
  "nclass": 100,
  "field_points": 8000,
  "d_dep": 7.486297607421875,
  "sigma_dep": 1.6421421241746226,
  "A0": 1629.248779296875,
  "lambdas": [
    0.0,
    0.01,
    0.03,
    0.1,
    0.3,
    1.0
  ],
  "results": {
    "lambda_0.0": {
      "acc": 0.5588,
      "A_mean": 524.7103881835938,
      "tail_over_eps": 0.1571369729936123,
      "cert_local_frac": 1.0
    },
    "lambda_0.01": {
      "acc": 0.5771,
      "A_mean": 13.426009178161621,
      "tail_over_eps": 0.00203317787963897,
      "cert_local_frac": 1.0
    },
    "lambda_0.03": {
      "acc": 0.5772,
      "A_mean": 13.425795555114746,
      "tail_over_eps": 0.0020325467630755156,
      "cert_local_frac": 1.0
    },
    "lambda_0.1": {
      "acc": 0.5772,
      "A_mean": 13.421781539916992,
      "tail_over_eps": 0.0020316078735049814,
      "cert_local_frac": 1.0
    },
    "lambda_0.3": {
      "acc": 0.5771,
      "A_mean": 13.404744148254395,
      "tail_over_eps": 0.0020287881488911808,
      "cert_local_frac": 1.0
    },
    "lambda_1.0": {
      "acc": 0.5772,
      "A_mean": 13.362181663513184,
      "tail_over_eps": 0.0020170836069155484,
      "cert_local_frac": 1.0
    }
  },
  "wall_sec": 29.0
}