{
  "eps": 0.05,
  "d_in": 512,
  "nclass": 100,
  "field_points": 8000,
  "seeds": [
    0,
    1,
    2,
    3,
    4
  ],
  "d_dep": 12.586310386657715,
  "sigma_dep": 10.598375217111471,
  "sigma_star": 2.6495938042778677,
  "mult": 4.0,
  "A0": 3971.28125,
  "arms": {
    "plain": [
      "plain",
      0.0
    ],
    "tail": [
      "tail",
      0.3
    ],
    "l2": [
      "l2",
      0.001
    ]
  },
  "results": {
    "plain": {
      "acc": {
        "mean": 0.5568600000000001,
        "sd": 0.0026203816515919932
      },
      "A_mean": {
        "mean": 6892.0642578125,
        "sd": 5.7918072172532975
      },
      "tail_over_eps": {
        "mean": 46300.6875,
        "sd": 40.756564378045084
      },
      "cert_local_frac": {
        "mean": 0.0,
        "sd": 0.0
      }
    },
    "tail": {
      "acc": {
        "mean": 0.43014,
        "sd": 0.0028744390757154637
      },
      "A_mean": {
        "mean": 7825.9037109375,
        "sd": 1.0658109530638622
      },
      "tail_over_eps": {
        "mean": 51408.490234375,
        "sd": 7.651200104369861
      },
      "cert_local_frac": {
        "mean": 0.0,
        "sd": 0.0
      }
    },
    "l2": {
      "acc": {
        "mean": 0.5591,
        "sd": 0.0027914154115788663
      },
      "A_mean": {
        "mean": 6890.42578125,
        "sd": 6.809558254260262
      },
      "tail_over_eps": {
        "mean": 46287.966796875,
        "sd": 43.970358813038345
      },
      "cert_local_frac": {
        "mean": 0.0,
        "sd": 0.0
      }
    }
  },
  "wall_sec": 19.3
}