{
  "DBpedia-14 (text/ontology)": {
    "naive": {
      "mean": [
        2339.1776428222656,
        89.87142857142858
      ],
      "std": [
        3.2526416029721505,
        0.6080245698580127
      ]
    },
    "star": {
      "mean": [
        0.23713644593954086,
        92.09285714285714
      ],
      "std": [
        0.0008127701660812684,
        0.625397832567072
      ],
      "frac_stable": 0.05357142857142857,
      "stable_eq": 1.0
    },
    "cv": {
      "mean": [
        0.062383383978158236,
        92.27857142857142
      ],
      "std": [
        0.05047471526184624,
        0.5413512948998978
      ]
    },
    "silver": {
      "mean": [
        0.0,
        9.164285714285715
      ],
      "std": [
        0.0,
        0.1937808566607222
      ]
    },
    "median": {
      "mean": [
        45609.3017578125,
        89.0
      ],
      "std": [
        28.264703114554923,
        0.6681531047810628
      ]
    },
    "knn7": {
      "mean": [
        33492.42724609375,
        89.07857142857144
      ],
      "std": [
        57.015943786114605,
        0.643412458565062
      ]
    },
    "dim": 384,
    "n_classes": 14
  },
  "AG-News-4 (text/news)": {
    "naive": {
      "mean": [
        671.3448791503906,
        86.625
      ],
      "std": [
        2.762706625771307,
        1.057709790065309
      ]
    },
    "star": {
      "mean": [
        0.273935005068779,
        87.875
      ],
      "std": [
        0.002284082455090657,
        1.1236102527122116
      ],
      "frac_stable": 0.03575,
      "stable_eq": 1.0
    },
    "cv": {
      "mean": [
        4.495519361458719,
        88.025
      ],
      "std": [
        7.698282207241369,
        1.1022703842524302
      ]
    },
    "silver": {
      "mean": [
        0.0,
        26.8
      ],
      "std": [
        0.0,
        0.48476798574163293
      ]
    },
    "median": {
      "mean": [
        13017.65283203125,
        85.675
      ],
      "std": [
        20.692781410949184,
        0.8200609733428362
      ]
    },
    "knn7": {
      "mean": [
        10272.203979492188,
        85.75
      ],
      "std": [
        54.02093665567568,
        0.8587782018658834
      ]
    },
    "dim": 384,
    "n_classes": 4
  },
  "Yahoo-10 (text/QA)": {
    "naive": {
      "mean": [
        1821.4071960449219,
        66.94000000000001
      ],
      "std": [
        2.165855560029678,
        0.4565084884205335
      ]
    },
    "star": {
      "mean": [
        0.29881395399570465,
        66.92999999999999
      ],
      "std": [
        0.001243811464906778,
        0.5015974481593809
      ],
      "frac_stable": 0.0175,
      "stable_eq": 1.0
    },
    "cv": {
      "mean": [
        30.749300122261047,
        67.84
      ],
      "std": [
        22.575498955538848,
        0.3088689042296116
      ]
    },
    "silver": {
      "mean": [
        0.0,
        11.53
      ],
      "std": [
        0.0,
        0.15033296378372935
      ]
    },
    "median": {
      "mean": [
        32631.224609375,
        65.83
      ],
      "std": [
        16.595358201310493,
        0.41303752856126463
      ]
    },
    "knn7": {
      "mean": [
        24821.5498046875,
        65.95
      ],
      "std": [
        43.12184450519035,
        0.42308391602612405
      ]
    },
    "dim": 384,
    "n_classes": 10
  },
  "Covertype-7 (tabular)": {
    "naive": {
      "mean": [
        364.01954650878906,
        58.67142857142858
      ],
      "std": [
        11.103090430690116,
        1.8141169775301862
      ]
    },
    "star": {
      "mean": [
        0.09880314022302628,
        65.04285714285713
      ],
      "std": [
        0.0008830747604006482,
        0.8312763729129249
      ],
      "frac_stable": 0.9675714285714285,
      "stable_eq": 1.0
    },
    "cv": {
      "mean": [
        1.6716668957975588e-37,
        70.78571428571429
      ],
      "std": [
        3.186524757638849e-37,
        1.1455325826702534
      ]
    },
    "silver": {
      "mean": [
        1.795358800676355e-13,
        69.67142857142856
      ],
      "std": [
        2.2469856816047372e-13,
        1.0366744318015313
      ]
    },
    "median": {
      "mean": [
        20755.478515625,
        53.92857142857143
      ],
      "std": [
        140.0585528783136,
        1.5293055646940135
      ]
    },
    "knn7": {
      "mean": [
        101.92957401275635,
        59.98571428571429
      ],
      "std": [
        24.816293682356168,
        1.553403110750648
      ]
    },
    "dim": 54,
    "n_classes": 7
  }
}