{
  "name": "resnet18",
  "dim": 512,
  "eps": 0.05,
  "d": 26.018503189086914,
  "A_ref": 12164.3330078125,
  "sigma_pair": 10.629572823039924,
  "sigma_star": 5.224220782564977,
  "sigma_cv": 4.7865099943200375,
  "silverman": {
    "sigma": 21.98936202850993,
    "tail_over_eps": 125520.17578125,
    "giant_frac": 1.0,
    "acc": 0.4043
  },
  "scott": {
    "sigma": 22.197274413748154,
    "tail_over_eps": 127707.041015625,
    "giant_frac": 1.0,
    "acc": 0.404
  },
  "pair": {
    "sigma": 10.629572823039924,
    "tail_over_eps": 5067.662353515625,
    "giant_frac": 0.9994,
    "acc": 0.4522
  },
  "star": {
    "sigma": 5.224220782564977,
    "tail_over_eps": 0.08176945149898529,
    "giant_frac": 0.0666,
    "acc": 0.5661
  },
  "cv": {
    "sigma": 4.7865099943200375,
    "tail_over_eps": 0.006152386777102947,
    "giant_frac": 0.0408,
    "acc": 0.5723
  },
  "abramson": {
    "acc": 0.1746,
    "h0": 5.224220782564977,
    "note": "variable-bw sqrt-law, h0=sigma_star"
  }
}