{
  "name": "resnet50",
  "dim": 2048,
  "eps": 0.05,
  "d": 51.21739196777344,
  "A_mean": 11871.259765625,
  "A_p99": 14016.2900390625,
  "sigma_star": 10.293998532877866,
  "sigma_p99": 10.22561643434549,
  "star": {
    "sigma": 10.293998532877866,
    "tail_mean": 0.0907318964600563,
    "tail_p95": 0.17771725356578827,
    "tail_p99": 0.18719187378883362,
    "tail_max": 0.20502495765686035,
    "frac_over_1": 0.0,
    "giant": 0.0448,
    "acc": 0.5098
  },
  "p99": {
    "sigma": 10.22561643434549,
    "tail_mean": 0.07569456845521927,
    "tail_p95": 0.14861026406288147,
    "tail_p99": 0.15659880638122559,
    "tail_max": 0.1714383065700531,
    "frac_over_1": 0.0,
    "giant": 0.0472,
    "acc": 0.5117
  }
}