{
  "name": "resnet18",
  "dim": 512,
  "eps": 0.05,
  "d": 26.018503189086914,
  "A_mean": 12195.8876953125,
  "A_p99": 14823.150390625,
  "sigma_star": 5.223675219676615,
  "sigma_p99": 5.18307618209096,
  "star": {
    "sigma": 5.223675219676615,
    "tail_mean": 0.08211581408977509,
    "tail_p95": 0.1774217188358307,
    "tail_p99": 0.19937656819820404,
    "tail_max": 0.2404913604259491,
    "frac_over_1": 0.0,
    "giant": 0.0674,
    "acc": 0.5664
  },
  "p99": {
    "sigma": 5.18307618209096,
    "tail_mean": 0.06629881262779236,
    "tail_p95": 0.14371445775032043,
    "tail_p99": 0.16150109469890594,
    "tail_max": 0.19496141374111176,
    "frac_over_1": 0.0,
    "giant": 0.0666,
    "acc": 0.5679
  }
}