{
  "name": "vit",
  "dim": 768,
  "eps": 0.05,
  "d": 36.09389114379883,
  "A_mean": 16605.484375,
  "A_p99": 18543.314453125,
  "sigma_star": 7.157987164466977,
  "sigma_p99": 7.127115189092895,
  "star": {
    "sigma": 7.157987164466977,
    "tail_mean": 0.15622907876968384,
    "tail_p95": 0.24445506930351257,
    "tail_p99": 0.2686624825000763,
    "tail_max": 0.30854877829551697,
    "frac_over_1": 0.0,
    "giant": 0.0414,
    "acc": 0.7246
  },
  "p99": {
    "sigma": 7.127115189092895,
    "tail_mean": 0.13834518194198608,
    "tail_p95": 0.21698647737503052,
    "tail_p99": 0.23876933753490448,
    "tail_max": 0.27430015802383423,
    "frac_over_1": 0.0,
    "giant": 0.0422,
    "acc": 0.7249
  }
}