{
  "name": "vit",
  "d10": 36.09389114379883,
  "sigma_star": 7.157662447065018,
  "chance_purity": 0.01,
  "weighted_near_purity": {
    "mean": 0.4733645021915436,
    "median": 0.4281642436981201
  },
  "unweighted_near_purity": {
    "mean": 0.11224856227636337,
    "median": 0.07863099128007889
  },
  "selective_margin_acc": {
    "cov0.27": 0.9311111111111111,
    "cov0.5": 0.8884,
    "cov0.75": 0.8238666666666666,
    "cov1.0": 0.7246
  }
}