{
  "name": "resnet50",
  "d10": 51.21739196777344,
  "sigma_star": 10.293467466446195,
  "chance_purity": 0.01,
  "weighted_near_purity": {
    "mean": 0.24845361709594727,
    "median": 0.11587539315223694
  },
  "unweighted_near_purity": {
    "mean": 0.13738466799259186,
    "median": 0.02822549268603325
  },
  "selective_margin_acc": {
    "cov0.27": 0.7392592592592593,
    "cov0.5": 0.6336,
    "cov0.75": 0.5621333333333334,
    "cov1.0": 0.5098
  }
}