{
  "eps": 0.05,
  "alpha": 0.05,
  "fields": [
    {
      "name": "resnet18",
      "dim": 512,
      "eps": 0.05,
      "d": 26.018503189086914,
      "sigma_pair": 10.629572823039924,
      "renyi": {
        "2": {
          "A_q": 12195.8876953125,
          "sigma_q": 5.223675219676615,
          "tail_mean": 0.08211581408977509,
          "tail_p99": 0.19937656819820404,
          "tail_max": 0.2404913604259491,
          "frac_over_1": 0.0,
          "acc": 0.5664
        },
        "3": {
          "A_q": 10679.8701171875,
          "sigma_q": 5.251850114471034,
          "tail_mean": 0.09500083327293396,
          "tail_p99": 0.22997841238975525,
          "tail_max": 0.2774367928504944,
          "frac_over_1": 0.0,
          "acc": 0.5657
        },
        "5": {
          "A_q": 8919.134765625,
          "sigma_q": 5.290830779899782,
          "tail_mean": 0.11581027507781982,
          "tail_p99": 0.27918803691864014,
          "tail_max": 0.3368711471557617,
          "frac_over_1": 0.0,
          "acc": 0.5642
        },
        "inf": {
          "A_q": 5110.7822265625,
          "sigma_q": 5.417033519099567,
          "tail_mean": 0.21399909257888794,
          "tail_p99": 0.5101339221000671,
          "tail_max": 0.6144483089447021,
          "frac_over_1": 0.0,
          "acc": 0.563
        }
      },
      "monotonicity": {
        "2": {
          "means": [
            2476.420654296875,
            7864.97216796875,
            13017.2626953125,
            15605.009765625,
            16938.029296875,
            17562.173828125,
            17817.2578125,
            17939.0,
            18117.525390625,
            18178.701171875
          ],
          "violations": 0
        },
        "3": {
          "means": [
            2039.4697265625,
            6382.0478515625,
            11566.4296875,
            14736.3759765625,
            16378.0078125,
            17133.94140625,
            17649.068359375,
            17870.31640625,
            18009.87890625,
            18150.48046875
          ],
          "violations": 0
        },
        "5": {
          "means": [
            1664.6090087890625,
            5213.09716796875,
            9785.0029296875,
            13351.1201171875,
            15464.306640625,
            16558.603515625,
            17236.578125,
            17623.267578125,
            17812.4375,
            17996.5625
          ],
          "violations": 0
        },
        "inf": {
          "means": [
            1035.7545166015625,
            2999.050048828125,
            5621.44287109375,
            8165.5986328125,
            10219.732421875,
            11836.6337890625,
            13055.59765625,
            14002.380859375,
            14697.9638671875,
            15273.59765625
          ],
          "violations": 0
        }
      },
      "conformal": {
        "alpha": 0.05,
        "n_cal": 7000,
        "n_val": 3000,
        "k": 6651,
        "A_mean": 12206.5615234375,
        "A_conf": 14320.490234375,
        "coverage_A_le_Aconf": 0.9466666666666667,
        "sigma_mean": 5.2234910332065985,
        "sigma_conf": 5.1901865955015545,
        "tail_conf_mean": 0.0688536986708641,
        "tail_conf_p99": 0.16764526069164276,
        "tail_conf_frac_over_1": 0.0
      },
      "underflow": {
        "sigma_near_delta": 1.3009251594543458,
        "acc_naive_lineardomain": 0.2102,
        "acc_stable_logdomain": 0.5075,
        "acc_1nn": 0.506,
        "acc_naive_at_sigstar": 0.5664,
        "acc_stable_at_sigstar": 0.5664
      }
    },
    {
      "name": "resnet50",
      "dim": 2048,
      "eps": 0.05,
      "d": 50.63728332519531,
      "sigma_pair": 20.687304214019164,
      "renyi": {
        "2": {
          "A_q": 11818.0146484375,
          "sigma_q": 10.1792532120043,
          "tail_mean": 0.08537254482507706,
          "tail_p99": 0.18446749448776245,
          "tail_max": 0.20049966871738434,
          "frac_over_1": 0.0,
          "acc": 0.5089
        },
        "3": {
          "A_q": 10497.1083984375,
          "sigma_q": 10.22836114047604,
          "tail_mean": 0.09718358516693115,
          "tail_p99": 0.20958086848258972,
          "tail_max": 0.22777840495109558,
          "frac_over_1": 0.0,
          "acc": 0.5084
        },
        "5": {
          "A_q": 8856.3671875,
          "sigma_q": 10.300037956113961,
          "tail_mean": 0.11705086380243301,
          "tail_p99": 0.25174176692962646,
          "tail_max": 0.27371954917907715,
          "frac_over_1": 0.0,
          "acc": 0.5072
        },
        "inf": {
          "A_q": 4912.212890625,
          "sigma_q": 10.560802136094605,
          "tail_mean": 0.2235199213027954,
          "tail_p99": 0.47594884037971497,
          "tail_max": 0.5182981491088867,
          "frac_over_1": 0.0,
          "acc": 0.5005
        }
      },
      "monotonicity": {
        "2": {
          "means": [
            2482.4697265625,
            7911.8720703125,
            12524.3076171875,
            15045.7197265625,
            16395.64453125,
            17045.40234375,
            17496.623046875,
            17716.451171875,
            17804.556640625,
            17887.470703125
          ],
          "violations": 0
        },
        "3": {
          "means": [
            2121.8642578125,
            6506.5546875,
            11314.0478515625,
            14201.423828125,
            15806.263671875,
            16635.994140625,
            17189.7734375,
            17448.13671875,
            17714.9609375,
            17862.548828125
          ],
          "violations": 0
        },
        "5": {
          "means": [
            1675.449951171875,
            5211.99365234375,
            9710.3505859375,
            13007.125,
            14943.287109375,
            16117.546875,
            16808.572265625,
            17258.966796875,
            17462.578125,
            17702.0234375
          ],
          "violations": 0
        },
        "inf": {
          "means": [
            1056.55224609375,
            2946.46728515625,
            5369.73095703125,
            7865.31591796875,
            9865.095703125,
            11443.109375,
            12631.6416015625,
            13566.84765625,
            14335.3310546875,
            14943.4921875
          ],
          "violations": 0
        }
      },
      "conformal": {
        "alpha": 0.05,
        "n_cal": 7000,
        "n_val": 3000,
        "k": 6651,
        "A_mean": 11827.38671875,
        "A_conf": 13419.673828125,
        "coverage_A_le_Aconf": 0.9426666666666667,
        "sigma_mean": 10.178927146424588,
        "sigma_conf": 10.127371847085048,
        "tail_conf_mean": 0.07430624961853027,
        "tail_conf_p99": 0.16090823709964752,
        "tail_conf_frac_over_1": 0.0
      },
      "underflow": {
        "sigma_near_delta": 2.5318641662597656,
        "acc_naive_lineardomain": 0.2235,
        "acc_stable_logdomain": 0.538,
        "acc_1nn": 0.536,
        "acc_naive_at_sigstar": 0.5089,
        "acc_stable_at_sigstar": 0.5089
      }
    },
    {
      "name": "vit",
      "dim": 768,
      "eps": 0.05,
      "d": 35.98170852661133,
      "sigma_pair": 14.699930595601414,
      "renyi": {
        "2": {
          "A_q": 16650.8984375,
          "sigma_q": 7.13497323103692,
          "tail_mean": 0.14909693598747253,
          "tail_p99": 0.2616839110851288,
          "tail_max": 0.2974625825881958,
          "frac_over_1": 0.0,
          "acc": 0.7229
        },
        "3": {
          "A_q": 16024.671875,
          "sigma_q": 7.145752474295566,
          "tail_mean": 0.15554043650627136,
          "tail_p99": 0.2726347744464874,
          "tail_max": 0.30990922451019287,
          "frac_over_1": 0.0,
          "acc": 0.7229
        },
        "5": {
          "A_q": 14957.8671875,
          "sigma_q": 7.165247526817359,
          "tail_mean": 0.16783179342746735,