{
  "results": {
    "bertxhotpot": {
      "agg": {
        "EM": [
          0.40695652173913044,
          0.00976084535680157
        ],
        "F1": [
          0.5524537829884066,
          0.011978884050477437
        ],
        "posgap_rate": [
          0.6610748792270531,
          0.002709745012559873
        ],
        "empirical_compliance": [
          0.1416002415458937,
          0.007000514037130097
        ],
        "analytic_cert2": [
          0.04206167521436823,
          0.003699502470377232
        ],
        "mF_mean": [
          0.4129211741353909,
          0.005395358367140574
        ],
        "relpert_cert": [
          0.023616933574279148,
          0.002160378548863746
        ],
        "relpert_uncert": [
          0.7236733039220175,
          0.03665218315806217
        ],
        "task_cov": [
          0.02779589371980676,
          0.002335684470735841
        ],
        "random_cov": [
          0.005006038647342995,
          0.0005107567742461474
        ],
        "task_minus_random": [
          0.02278985507246377,
          0.0018253703256043306
        ],
        "EM_lam8": [
          0.3889855072463768,
          0.008933933337636191
        ],
        "cert2_lam8": [
          0.6168422858391197,
          0.007490451398073221
        ],
        "compliant_lam8": [
          0.8322705314009662,
          0.00504986194135404
        ],
        "mF_lam8": [
          0.04164875533043078,
          0.0012713282476350095
        ],
        "n_test": 1150,
        "viol2_total": 0,
        "viol2_lam8_total": 0,
        "del_bound_viol_total": 0,
        "gap_ci_all": [
          [
            0.021159420289855076,
            0.02556204710144927
          ],
          [
            0.02231838768115942,
            0.027264945652173914
          ],
          [
            0.018278985507246374,
            0.02253623188405797
          ]
        ]
      },
      "perseed": [
        {
          "seed": 0,
          "EM": 0.41739130434782606,
          "F1": 0.5659517709466542,
          "posgap_rate": 0.6603623188405797,
          "empirical_compliance": 0.14193840579710146,
          "analytic_cert2": 0.043125205750027436,
          "viol2": 0,
          "mF_mean": 0.4129533945102442,
          "del_bound_viol": 0,
          "relpert_cert": 0.02392645552754402,
          "relpert_uncert": 0.7320571541786194,
          "task_cov": 0.028478260869565217,
          "random_cov": 0.005181159420289854,
          "task_minus_random": 0.02329710144927536,
          "gap_ci": [
            0.021159420289855076,
            0.02556204710144927
          ],
          "EM_lam8": 0.39043478260869563,
          "F1_lam8": 0.5444161854206621,
          "cert2_lam8": 0.6272370385388061,
          "compliant_lam8": 0.8379891304347826,
          "mF_lam8": 0.04044287142783236,
          "viol2_lam8": 0
        },
        {
          "seed": 1,
          "EM": 0.40956521739130436,
          "F1": 0.5545700998019979,
          "posgap_rate": 0.6581702898550724,
          "empirical_compliance": 0.15,
          "analytic_cert2": 0.04596625471360546,
          "viol2": 0,
          "mF_mean": 0.40629718537383824,
          "del_bound_viol": 0,
          "relpert_cert": 0.02082987315952778,
          "relpert_uncert": 0.6751828789710999,
          "task_cov": 0.030253623188405795,
          "random_cov": 0.00552536231884058,
          "task_minus_random": 0.024728260869565217,
          "gap_ci": [
            0.02231838768115942,
            0.027264945652173914
          ],
          "EM_lam8": 0.3991304347826087,
          "F1_lam8": 0.5432353544109858,
          "cert2_lam8": 0.6134118646258377,
          "compliant_lam8": 0.8257065217391304,
          "mF_lam8": 0.043406598264473774,
          "viol2_lam8": 0
        },
        {
          "seed": 2,
          "EM": 0.3939130434782609,
          "F1": 0.536839478216568,
          "posgap_rate": 0.6646920289855073,
          "empirical_compliance": 0.13286231884057972,
          "analytic_cert2": 0.03709356517947181,
          "viol2": 0,
          "mF_mean": 0.4195129425220903,
          "del_bound_viol": 0,
          "relpert_cert": 0.026094472035765648,
          "relpert_uncert": 0.763779878616333,
          "task_cov": 0.024655797101449273,
          "random_cov": 0.004311594202898551,
          "task_minus_random": 0.020344202898550726,
          "gap_ci": [
            0.018278985507246374,
            0.02253623188405797
          ],
          "EM_lam8": 0.3773913043478261,
          "F1_lam8": 0.5099924581568875,
          "cert2_lam8": 0.6098779543527156,
          "compliant_lam8": 0.8331159420289855,
          "mF_lam8": 0.04109679629898621,
          "viol2_lam8": 0
        }
      ]
    },
    "bertx2wiki": {
      "agg": {
        "EM": [
          0.3746527777777778,
          0.0060340788878412415
        ],
        "F1": [
          0.4690718820636324,
          0.003333731065515173
        ],
        "posgap_rate": [
          0.6397858796296295,
          0.006806591029167707
        ],
        "empirical_compliance": [
          0.11534288194444446,
          0.009146356656334623
        ],
        "analytic_cert2": [
          0.03378799956537939,
          0.004948228231471631
        ],
        "mF_mean": [
          0.42780573446088743,
          0.011635993759483747
        ],
        "relpert_cert": [
          0.023147872959574062,
          0.0006902477261372794
        ],
        "relpert_uncert": [
          0.6534561713536581,
          0.031564684785869955
        ],
        "task_cov": [
          0.02165075231481482,
          0.003418931206962232
        ],
        "random_cov": [
          0.002589699074074074,
          0.000547383808228953
        ],
        "task_minus_random": [
          0.01906105324074074,
          0.002989772727892974
        ],
        "EM_lam8": [
          0.36215277777777777,
          0.005196746370519365
        ],
        "cert2_lam8": [
          0.6767173119139777,
          0.0214260835135815
        ],
        "compliant_lam8": [
          0.8765842013888888,
          0.011358156720477776
        ],
        "mF_lam8": [
          0.03123994173022812,
          0.002363958894898298
        ],
        "n_test": 960,
        "viol2_total": 0,
        "viol2_lam8_total": 0,
        "del_bound_viol_total": 0,
        "gap_ci_all": [
          [
            0.01497341579861111,
            0.018641493055555555
          ],
          [
            0.021180013020833333,
            0.02537000868055555
          ],
          [
            0.01514702690972222,
            0.019053819444444443
          ]
        ]
      },
      "perseed": [
        {
          "seed": 0,
          "EM": 0.38125,
          "F1": 0.47260742400221756,
          "posgap_rate": 0.6357638888888889,
          "empirical_compliance": 0.1076171875,
          "analytic_cert2": 0.030686783178590932,
          "viol2": 0,
          "mF_mean": 0.4377635276795448,
          "del_bound_viol": 0,
          "relpert_cert": 0.022669503465294838,
          "relpert_uncert": 0.6915728449821472,
          "task_cov": 0.01950954861111111,
          "random_cov": 0.0027126736111111106,
          "task_minus_random": 0.016796875,
          "gap_ci": [
            0.01497341579861111,
            0.018641493055555555
          ],
          "EM_lam8": 0.36770833333333336,
          "F1_lam8": 0.46080883071944523,
          "cert2_lam8": 0.6624879035805401,
          "compliant_lam8": 0.8700737847222222,
          "mF_lam8": 0.03169081315031478,
          "viol2_lam8": 0
        },
        {
          "seed": 1,
          "EM": 0.37604166666666666,
          "F1": 0.4700051482333201,
          "posgap_rate": 0.6493706597222222,
          "empirical_compliance": 0.12819010416666668,
          "analytic_cert2": 0.04077131303679444,
          "viol2": 0,
          "mF_mean": 0.4114810768891128,
          "del_bound_viol": 0,