{
  "results": {
    "bertxhotpot": {
      "audit": {
        "EM": 0.41739130434782606,
        "F1": 0.5659517709466542,
        "n_test": 1150,
        "posgap_rate": 0.6603623188405797,
        "empirical_compliance": 0.14193840579710146,
        "analytic_cert2": 0.043125205750027436,
        "viol2": 0,
        "mF_mean": 0.4129533945102442,
        "del_bound_viol": 0,
        "relpert_cert": 0.02392645552754402,
        "relpert_uncert": 0.7320571541786194,
        "mF_by_layer": {
          "9": 0.21220340118585412,
          "10": 0.211467914090313,
          "11": 0.5277108126431905,
          "12": 0.7004314501216193
        },
        "task_cov": [
          0.028478260869565217,
          0.02608695652173913,
          0.03110552536231884
        ],
        "random_cov": [
          0.005181159420289854,
          0.004492753623188405,
          0.0059243659420289835
        ],
        "task_minus_random": [
          0.02329710144927536,
          0.021159420289855076,
          0.02556204710144927
        ]
      },
      "train": {
        "EM_lam0": 0.41739130434782606,
        "F1_lam0": 0.5659517709466542,
        "cert2_lam0": 0.043125205750027436,
        "compliant_lam0": 0.14193840579710146,
        "mF_lam0": 0.4129533945102442,
        "EM_lam8": 0.39043478260869563,
        "F1_lam8": 0.5444161854206621,
        "cert2_lam8": 0.6272370385388061,
        "compliant_lam8": 0.8379891304347826,
        "mF_lam8": 0.04044287142783236,
        "viol2_lam8": 0
      }
    },
    "bertx2wiki": {
      "audit": {
        "EM": 0.38125,
        "F1": 0.47260742400221756,
        "n_test": 960,
        "posgap_rate": 0.6357638888888889,
        "empirical_compliance": 0.1076171875,
        "analytic_cert2": 0.030686783178590932,
        "viol2": 0,
        "mF_mean": 0.4377635276795448,
        "del_bound_viol": 0,
        "relpert_cert": 0.022669503465294838,
        "relpert_uncert": 0.6915728449821472,
        "mF_by_layer": {
          "9": 0.22951287986929286,
          "10": 0.27542366400418056,
          "11": 0.5531238287413108,
          "12": 0.692993738103395
        },
        "task_cov": [
          0.01950954861111111,
          0.01757758246527778,
          0.02139756944444444
        ],
        "random_cov": [
          0.0027126736111111106,
          0.0022569444444444442,
          0.003168402777777778
        ],
        "task_minus_random": [
          0.016796875,
          0.01497341579861111,
          0.018641493055555555
        ]
      },
      "train": {
        "EM_lam0": 0.38125,
        "F1_lam0": 0.47260742400221756,
        "cert2_lam0": 0.030686783178590932,
        "compliant_lam0": 0.1076171875,
        "mF_lam0": 0.4377635276795448,
        "EM_lam8": 0.36770833333333336,
        "F1_lam8": 0.46080883071944523,
        "cert2_lam8": 0.6624879035805401,
        "compliant_lam8": 0.8700737847222222,
        "mF_lam8": 0.03169081315031478,
        "viol2_lam8": 0
      }
    },
    "robertaxhotpot": {
      "audit": {
        "EM": 0.5187901008249313,
        "F1": 0.674189954067591,
        "n_test": 1091,
        "posgap_rate": 0.47015352887259393,
        "empirical_compliance": 0.09389321723189734,
        "analytic_cert2": 0.1430080012997035,
        "viol2": 0,
        "mF_mean": 0.573960963138591,
        "del_bound_viol": 0,
        "relpert_cert": 0.012692097574472427,
        "relpert_uncert": 1.8523492813110352,
        "mF_by_layer": {
          "9": 0.5629328754017822,
          "10": 0.4496654786102715,
          "11": 0.6703199888604666,
          "12": 0.6129255096818438
        },
        "task_cov": [
          0.0672357164680721,
          0.06375935685915063,
          0.07073260388023218
        ],
        "random_cov": [
          0.006015123739688358,
          0.005098533455545371,
          0.006969905285670639
        ],
        "task_minus_random": [
          0.06122059272838375,
          0.0577642835319279,
          0.06482966697219676
        ]
      },
      "train": {
        "EM_lam0": 0.5187901008249313,
        "F1_lam0": 0.674189954067591,
        "cert2_lam0": 0.1430080012997035,
        "compliant_lam0": 0.09389321723189734,
        "mF_lam0": 0.573960963138591,
        "EM_lam8": 0.5087076076993584,
        "F1_lam8": 0.6632112989755715,
        "cert2_lam8": 0.41597679936725546,
        "compliant_lam8": 0.38139703635808125,
        "mF_lam8": 0.29964477294471614,
        "viol2_lam8": 0
      }
    },
    "robertax2wiki": {
      "audit": {
        "EM": 0.503125,
        "F1": 0.5548166801571166,
        "n_test": 960,
        "posgap_rate": 0.4767578125,
        "empirical_compliance": 0.10661892361111111,
        "analytic_cert2": 0.15708498338567983,
        "viol2": 0,
        "mF_mean": 0.5515625879934087,
        "del_bound_viol": 0,
        "relpert_cert": 0.011020535603165627,
        "relpert_uncert": 1.8157172203063965,
        "mF_by_layer": {
          "9": 0.5572555684521098,
          "10": 0.4282677208577442,
          "11": 0.6240856625072729,
          "12": 0.5966414001565082
        },
        "task_cov": [
          0.07489149305555556,
          0.07013834635416669,
          0.07997016059027777
        ],
        "random_cov": [
          0.007139756944444444,
          0.00625,
          0.008051215277777777
        ],
        "task_minus_random": [
          0.06775173611111111,
          0.06323621961805558,
          0.07265624999999999
        ]
      },
      "train": {
        "EM_lam0": 0.503125,
        "F1_lam0": 0.5548166801571166,
        "cert2_lam0": 0.15708498338567983,
        "compliant_lam0": 0.10661892361111111,
        "mF_lam0": 0.5515625879934087,
        "EM_lam8": 0.496875,
        "F1_lam8": 0.5478188965044976,
        "cert2_lam8": 0.49298911957049435,
        "compliant_lam8": 0.46529947916666664,
        "mF_lam8": 0.25044297336031446,
        "viol2_lam8": 0
      }
    }
  },
  "params": {
    "N_TRAIN": 1500,
    "EPOCHS": 3,
    "LR": 0.0001,
    "EPS": 0.05,
    "LAYERS": [
      9,
      10,
      11,
      12
    ],
    "SEED": 0,
    "grid": [
      "bertxhotpot",
      "bertx2wiki",
      "robertaxhotpot",
      "robertax2wiki"
    ]
  }
}