{
  "name": "resnet18",
  "dim": 512,
  "eps": 0.05,
  "d": 26.018503189086914,
  "A_mean": 12195.8876953125,
  "sigma_star": 5.223675219676615,
  "star_tail_mean": 0.08211582154035568,
  "star_tail_p99": 0.19937656819820404,
  "star_tail_max": 0.2404913604259491,
  "star_acc": 0.5664,
  "sigma_bisect": 5.775103791837347,
  "bisect_over_star": 1.105563334045655,
  "bis_tail_mean": 0.9999998211860657,
  "bis_tail_p99": 2.3068671226501465,
  "bis_tail_max": 2.763939380645752,
  "bisect_acc": 0.5539,
  "grid_sigma": 4.440123936725122,
  "grid_acc": 0.572,
  "grid_accs": [
    [
      2.6118376098383074,
      0.5235
    ],
    [
      3.65657265377363,
      0.5563
    ],
    [
      4.440123936725122,
      0.572
    ],
    [
      5.223675219676615,
      0.5664
    ],
    [
      6.268410263611938,
      0.5386
    ],
    [
      7.835512829514922,
      0.4917
    ],
    [
      10.44735043935323,
      0.4538
    ],
    [
      13.059188049191537,
      0.4325
    ],
    [
      15.671025659029844,
      0.4179
    ],
    [
      20.89470087870646,
      0.4061
    ]
  ]
}