{
  "name": "vit",
  "dim": 768,
  "eps": 0.05,
  "d": 36.09389114379883,
  "A_mean": 16605.484375,
  "sigma_star": 7.157987164466977,
  "star_tail_mean": 0.15622907876968384,
  "star_tail_p99": 0.2686624825000763,
  "star_tail_max": 0.30854877829551697,
  "star_acc": 0.7246,
  "sigma_bisect": 7.682584726375296,
  "bisect_over_star": 1.0732884189164906,
  "bis_tail_mean": 0.9999995827674866,
  "bis_tail_p99": 1.6267073154449463,
  "bis_tail_max": 1.8506964445114136,
  "bisect_acc": 0.7167,
  "grid_sigma": 6.084289089796931,
  "grid_acc": 0.7324,
  "grid_accs": [
    [
      3.5789935822334886,
      0.7146
    ],
    [
      5.0105910151268835,
      0.7307
    ],
    [
      6.084289089796931,
      0.7324
    ],
    [
      7.157987164466977,
      0.7246
    ],
    [
      8.589584597360373,
      0.7037
    ],
    [
      10.736980746700466,
      0.6808
    ],
    [
      14.315974328933954,
      0.6585
    ],
    [
      17.89496791116744,
      0.6489
    ],
    [
      21.47396149340093,
      0.6426
    ],
    [
      28.63194865786791,
      0.6357
    ]
  ]
}