{
  "name": "resnet50",
  "dim": 2048,
  "eps": 0.05,
  "d": 51.21739196777344,
  "A_mean": 11871.259765625,
  "sigma_star": 10.293998532877866,
  "star_tail_mean": 0.0907318964600563,
  "star_tail_p99": 0.18719187378883362,
  "star_tail_max": 0.20502495765686035,
  "star_acc": 0.5098,
  "sigma_bisect": 11.341114925616257,
  "bisect_over_star": 1.1017210551754033,
  "bis_tail_mean": 0.9999990463256836,
  "bis_tail_p99": 1.987935185432434,
  "bis_tail_max": 2.1784555912017822,
  "bisect_acc": 0.4885,
  "grid_sigma": 7.205798973014506,
  "grid_acc": 0.5616,
  "grid_accs": [
    [
      5.146999266438933,
      0.5543
    ],
    [
      7.205798973014506,
      0.5616
    ],
    [
      8.749898752946187,
      0.5447
    ],
    [
      10.293998532877866,
      0.5098
    ],
    [
      12.35279823945344,
      0.4638
    ],
    [
      15.4409977993168,
      0.4
    ],
    [
      20.587997065755733,
      0.3412
    ],
    [
      25.734996332194665,
      0.3062
    ],
    [
      30.8819955986336,
      0.2904
    ],
    [
      41.175994131511466,
      0.2709
    ]
  ]
}